Replicate,Treatment,Urchin_presence,Status,LiveStatus_dummy,DeadStatus_dummy,AlgaeStatus_dummy,urchin_dummy,Species,Trial,Start.date,Start.Time,Dry.Coffee.filter.weight1,Date.End,Time.End,Urchin.ww.1,Urchin.ww.2,Urchin.ww.3,Urchin.wet.weights.sum,Time.in.Dry4,Time.out.Dry5,Material...filter.weight6,Inorganic...organic.weight7,Filter.weight.after.material.scraped.off,Time.in.Furnace.8,Time.out.Furnace9,Jar...ashed.sample.weight10,Jar.weight.11,Inorganic.weight,Organic.weight,Dried.filter.weight12,HCLd.sample.dry.in13,HCLd.sample..Dry.out14,HCL.d.sample...filter.weight.15,HCL.d.sample...filter.weight,CaC03.consumed,caco3,newstarttime,Start_new,newendtime,End_new,trial_time_d,caco3_d_rate,caco3_rate_ind,caco3_new_rate_ind
1,Dead_M,Urchins,Dead,0,1,0,1,M,1,8/9/2019,1300,0.9778,8/14/2019,930,3.16,2.59,3.09,8.84,1518,800,1.3822,0.4044,NA,1000,1900,18.5051,18.1716,0.3335,0.0709,0.8938,1351,1800,0.898,0.0042,0.3293,0.3293,1300,8/9/2019 13:00,930,8/14/2019 9:30,4.854166667,0.067838627,0.022612876,0.022612876
2,Dead_A,Urchins,Dead,0,1,0,1,A,1,8/9/2019,1300,0.9555,8/14/2019,930,3.54,3.23,3.83,10.6,1507,800,1.7931,0.8376,NA,1000,1900,18.548,17.7951,0.7529,0.0847,0.8802,1358,1800,0.8578,-0.0224,0.7753,0.7753,1300,8/9/2019 13:00,930,8/14/2019 9:30,4.854166667,0.159718455,0.053239485,0.053239485
3,Dead_P,Urchins,Dead,0,1,0,1,P,1,8/9/2019,1300,1.0098,8/14/2019,930,2.74,3.26,4.32,10.32,1529,800,2.1424,1.1326,NA,1000,1900,19.1669,18.3055,0.8614,0.2712,0.9005,1403,1800,0.8889,-0.0116,0.873,0.873,1300,8/9/2019 13:00,930,8/14/2019 9:30,4.854166667,0.179845494,0.059948498,0.059948498
4,Live_M,Urchins,Live,1,0,0,1,M,1,8/9/2019,1300,1.0012,8/14/2019,945,3.41,3.21,2.72,9.34,1435,800,1.088,0.0868,NA,1000,1900,18.2354,18.202,0.0334,0.0534,0.8667,1308,1800,0.8327,-0.034,0.0674,0.0674,1300,8/9/2019 13:00,945,8/14/2019 9:45,4.864583333,0.013855246,0.004618415,0.004618415
5,Live_A,Urchins,Live,1,0,0,1,A,1,8/9/2019,1300,0.9921,8/14/2019,945,3.89,3.13,3.14,10.16,1448,800,1.4917,0.4996,NA,1000,1900,20.6574,20.2153,0.4421,0.0575,0.8969,1306,1800,0.9003,0.0034,0.4387,0.4387,1300,8/9/2019 13:00,945,8/14/2019 9:45,4.864583333,0.090182441,0.030060814,0.030060814
6,Live_P,Urchins,Live,1,0,0,1,P,1,8/9/2019,1300,0.9491,8/14/2019,945,3.2,2.53,3.37,9.1,1454,800,1.1488,0.1997,NA,1000,1900,40.512,40.3598,0.1522,0.0475,0.8887,1256,1800,0.8684,-0.0203,0.1725,0.1725,1300,8/9/2019 13:00,945,8/14/2019 9:45,4.864583333,0.035460385,0.011820128,0.011820128
7,DeadCont_M,Control,Dead,0,1,0,0,M,1,8/9/2019,1300,0.9386,8/14/2019,1000,NA,NA,NA,NA,1411,800,1.0067,0.0681,NA,1000,1900,16.6235,16.617,0.0065,0.0616,0.8778,1250,1800,0.8728,-0.005,0.0115,0.0115,1300,8/9/2019 13:00,1000,8/14/2019 10:00,4.875,0.002358974,0.000786325,0.000786325
8,DeadCont_A,Control,Dead,0,1,0,0,A,1,8/9/2019,1300,0.9501,8/14/2019,1000,NA,NA,NA,NA,1426,800,1.0131,0.063,NA,1000,1900,20.1287,20.1191,0.0096,0.0534,0.892,1241,1800,0.8596,-0.0324,0.042,0.042,1300,8/9/2019 13:00,1000,8/14/2019 10:00,4.875,0.008615385,0.002871795,0.002871795
9,DeadCont_P,Control,Dead,0,1,0,0,P,1,8/9/2019,1300,0.9599,8/14/2019,1000,NA,NA,NA,NA,1400,800,1.0172,0.0573,NA,1000,1900,17.2025,17.2031,-6.00E-04,0.0579,0.8894,1236,1800,0.8764,-0.013,0.0124,0.0124,1300,8/9/2019 13:00,1000,8/14/2019 10:00,4.875,0.00254359,0.000847863,0.000847863
10,Algae_M,Urchins,Algae,0,0,1,1,M,1,8/9/2019,1300,0.9502,8/14/2019,1030,2.73,4.01,3.17,9.91,1332,800,1.2804,0.3302,NA,1000,1900,38.4081,38.1025,0.3056,0.0246,0.9047,1346,1800,0.9131,0.0084,0.2972,0.2972,1300,8/9/2019 13:00,1030,8/14/2019 10:30,4.895833333,0.060704681,0.020234894,0.020234894
11,Algae_A,Urchins,Algae,0,0,1,1,A,1,8/9/2019,1300,0.9375,8/14/2019,1030,3.5,3.5,2.92,9.92,1413,800,2.8873,1.9498,NA,1000,1900,34.8508,33.034,1.8168,0.133,0.8833,1344,1800,0.8834,1.00E-04,1.8167,1.8167,1300,8/9/2019 13:00,1030,8/14/2019 10:30,4.895833333,0.371070638,0.123690213,0.123690213
12,Algae_P,Urchins,Algae,0,0,1,1,P,1,8/9/2019,1300,0.9663,8/14/2019,1030,3.71,4.44,3.54,11.69,1346,800,4.0186,3.0523,NA,1000,1900,34.5095,31.791,2.7185,0.3338,0.8885,1335,1800,0.9098,0.0213,2.6972,2.6972,1300,8/9/2019 13:00,1030,8/14/2019 10:30,4.895833333,0.550917447,0.183639149,0.183639149
13,Dead_M,Urchins,Dead,0,1,0,1,M,2,8/16/2019,800,0.9434,8/21/2019,1100,3.86,3.83,4.21,11.9,1626,1230,1.3517,0.3813,0.9704,1800,2300,18.5329,18.1748,0.3581,0.0232,1.0535,1303,1200,1.0965,0.043,0.3151,0.3151,800,8/16/2019 8:00,1100,8/21/2019 11:00,5.125,0.061482927,0.020494309,0.020494309
14,Dead_A,Urchins,Dead,0,1,0,1,A,2,8/16/2019,800,0.9713,8/21/2019,1100,5.12,4.48,6.3,15.9,1636,1230,1.8318,0.8186,1.0132,1800,2300,18.608,17.7997,0.8083,0.0103,1.079,1359,1200,1.1563,0.0773,0.731,0.731,800,8/16/2019 8:00,1100,8/21/2019 11:00,5.125,0.142634146,0.047544715,0.047544715
15,Dead_P,Urchins,Dead,0,1,0,1,P,2,8/16/2019,800,0.9377,8/21/2019,1100,4.84,5.5,4.89,15.23,1613,1230,2.9642,1.9803,0.9839,1800,2300,20.1907,18.3096,1.8811,0.0992,1.0739,1319,1200,1.1738,0.0999,1.7812,1.7812,800,8/16/2019 8:00,1100,8/21/2019 11:00,5.125,0.34755122,0.115850407,0.115850407
16,Live_M,Urchins,Live,1,0,0,1,M,2,8/16/2019,800,0.9393,8/21/2019,1100,6.15,6.22,5.38,17.75,1702,1230,0.9552,0.001,0.9542,1800,2300,18.2304,18.2053,0.0251,-0.0241,1.0574,1326,1200,1.0616,0.0042,0.0209,0.0209,800,8/16/2019 8:00,1100,8/21/2019 11:00,5.125,0.004078049,0.00135935,0.00135935
17,Live_A,Urchins,Live,1,0,0,1,A,2,8/16/2019,800,0.9328,8/21/2019,1100,4.67,3.91,5.65,14.23,1645,1230,1.1811,0.2123,0.9688,1800,2300,20.4464,20.2183,0.2281,-0.0158,1.0683,1308,1200,1.1045,0.0362,0.1919,0.1919,800,8/16/2019 8:00,1100,8/21/2019 11:00,5.125,0.037443902,0.012481301,0.012481301
18,Live_P,Urchins,Live,1,0,0,1,P,2,8/16/2019,800,0.9506,8/21/2019,1100,3.8,5.56,5.25,14.61,1702,1230,1.0231,0.0514,0.9717,1800,2300,40.4343,40.3668,0.0675,-0.0161,1.0892,1333,1200,1.0834,-0.0058,0.0733,0.0733,800,8/16/2019 8:00,1100,8/21/2019 11:00,5.125,0.014302439,0.00476748,0.00476748
19,Algae_M,Urchins,Algae,0,0,1,1,M,2,8/16/2019,800,0.9836,8/21/2019,1100,5.35,4.93,4.58,14.86,1522,1230,2.0272,1.0161,1.0111,1800,2300,39.0063,38.1044,0.9019,0.1142,1.0703,1107,1100,1.2504,0.1801,0.7218,0.7218,800,8/16/2019 8:00,1100,8/21/2019 11:00,5.125,0.140839024,0.046946341,0.046946341
20,Algae_A,Urchins,Algae,0,0,1,1,A,2,8/16/2019,800,0.9693,8/21/2019,1100,4.2,4.79,5.01,14,1552,1230,6.7339,5.6851,1.0488,1800,2300,38.472,33.0384,5.4336,0.2515,1.0642,1146,1100,1.3133,0.2491,5.1845,5.1845,800,8/16/2019 8:00,1100,8/21/2019 11:00,5.125,1.011609756,0.337203252,0.337203252
21,Algae_P,Urchins,Algae,0,0,1,1,P,2,8/16/2019,800,0.9566,8/21/2019,1100,4.13,5,6.1,15.23,1522,1230,4.2519,3.2089,1.043,1800,2300,34.9007,31.7956,3.1051,0.1038,1.0788,1216,1200,1.1566,0.0778,3.0273,3.0273,800,8/16/2019 8:00,1100,8/21/2019 11:00,5.125,0.590692683,0.196897561,0.196897561
22,DeadCont_M,Control,Dead,0,1,0,0,M,2,8/16/2019,800,0.9528,8/21/2019,1100,NA,NA,NA,NA,1412,1230,0.9775,-0.0156,0.9931,900,1400,17.8517,17.85,0.0017,-0.0173,1.0665,1336,1200,1.04,-0.0265,0.0282,0.0282,800,8/16/2019 8:00,1100,8/21/2019 11:00,5.125,0.005502439,0.001834146,0.001834146
23,DeadCont_A,Control,Dead,0,1,0,0,A,2,8/16/2019,800,0.9274,8/21/2019,1100,NA,NA,NA,NA,1340,1230,1.0268,-0.0116,1.0384,900,1400,20.1071,20.0977,0.0094,-0.021,1.0629,1340,1200,1.0528,-0.0101,0.0195,0.0195,800,8/16/2019 8:00,1100,8/21/2019 11:00,5.125,0.003804878,0.001268293,0.001268293
24,DeadCont_P,Control,Dead,0,1,0,0,P,2,8/16/2019,800,0.9623,8/21/2019,1100,NA,NA,NA,NA,1327,1230,1.0057,-0.0153,1.021,900,1400,19.1911,19.1889,0.0022,-0.0175,1.0955,1344,1200,1.0757,-0.0198,0.022,0.022,800,8/16/2019 8:00,1100,8/21/2019 11:00,5.125,0.004292683,0.001430894,0.001430894
25,LiveCont_M,Control,Live,1,0,0,0,M,2,8/16/2019,800,0.9606,8/21/2019,1100,NA,NA,NA,NA,1557,1230,1.0075,0.017,0.9905,900,1400,16.6269,16.6193,0.0076,0.0094,1.0725,1234,1200,1.0771,0.0046,0.003,0.003,800,8/16/2019 8:00,1100,8/21/2019 11:00,5.125,0.000585366,0.000195122,0.000195122
26,LiveCont_A,Control,Live,1,0,0,0,A,2,8/16/2019,800,0.9311,8/21/2019,1100,NA,NA,NA,NA,1557,1230,0.9832,0.0257,0.9575,900,1400,20.1358,20.1195,0.0163,0.0094,1.0734,1240,1200,1.0519,-0.0215,0.0378,0.0378,800,8/16/2019 8:00,1100,8/21/2019 11:00,5.125,0.00737561,0.002458537,0.002458537
27,LiveCont_P,Control,Live,1,0,0,0,P,2,8/16/2019,800,0.9642,8/21/2019,1100,NA,NA,NA,NA,1557,1230,0.9997,0.009,0.9907,900,1400,17.2006,17.2002,4.00E-04,0.0086,1.0914,1246,1200,1.0948,0.0034,0,0,800,8/16/2019 8:00,1100,8/21/2019 11:00,5.125,0,0,0.001
28,AlgaeCont_M,Control,Algae,0,0,1,0,M,2,8/16/2019,800,0.8796,8/21/2019,1100,NA,NA,NA,NA,1412,1230,0.9295,0.0053,0.9242,900,1400,31.0574,31.055,0.0024,0.0029,1.0735,1216,1200,1.0646,-0.0089,0.0113,0.0113,800,8/16/2019 8:00,1100,8/21/2019 11:00,5.125,0.002204878,0.000734959,0.000734959
29,AlgaeCont_A,Control,Algae,0,0,1,0,A,2,8/16/2019,800,0.9259,8/21/2019,1100,NA,NA,NA,NA,1412,1230,1.0229,0.0585,0.9644,900,1400,18.2416,18.2023,0.0393,0.0192,1.0797,1223,1200,1.0705,-0.0092,0.0485,0.0485,800,8/16/2019 8:00,1100,8/21/2019 11:00,5.125,0.009463415,0.003154472,0.003154472
30,AlgaeCont_P,Control,Algae,0,0,1,0,P,2,8/16/2019,800,0.9224,8/21/2019,1100,NA,NA,NA,NA,1412,1230,0.978,0.0189,0.9591,900,1400,39.9037,39.8985,0.0052,0.0137,1.085,1228,1200,1.0701,-0.0149,0.0201,0.0201,800,8/16/2019 8:00,1100,8/21/2019 11:00,5.125,0.003921951,0.001307317,0.001307317
31,Urch_Cont,Urchins,Urch_cont,0,0,0,1,Urch_cont,2,8/16/2019,800,0.9518,8/21/2019,1100,5.88,5.05,4.51,15.44,1522,1230,1.0241,0.0374,0.9867,900,1400,41.504,41.491,0.013,0.0244,1.0769,1349,1200,1.0745,-0.0024,0.0154,0.0154,800,8/16/2019 8:00,1100,8/21/2019 11:00,5.125,0.003004878,0.001001626,0.001001626
32,Dead_M,Urchins,Dead,0,1,0,1,M,3,8/23/2019,800,0.9338,8/27/2019,1500,4.33,4.3,5.12,13.75,1143,1503,1.5503,0.6081,0.9422,1000,1530,18.7314,18.1756,0.5558,0.0523,1.0635,1700,1630,1.1502,0.0867,0.4691,0.4691,800,8/23/2019 8:00,1500,8/27/2019 15:00,4.291666667,0.109304854,0.036434951,0.036434951
33,Dead_A,Urchins,Dead,0,1,0,1,A,3,8/23/2019,800,0.9244,8/27/2019,1500,4.99,4.15,3.42,12.56,1143,1503,1.7237,0.7884,0.9353,1000,1530,18.9652,18.2525,0.7127,0.0757,1.0726,1700,1630,1.1139,0.0413,0.6714,0.6714,800,8/23/2019 8:00,1500,8/27/2019 15:00,4.291666667,0.156442718,0.052147573,0.052147573
34,Dead_P,Urchins,Dead,0,1,0,1,P,3,8/23/2019,800,0.9401,8/27/2019,1500,3.93,5.19,4.84,13.96,1200,1503,1.5159,0.562,0.9539,1000,1530,18.8206,18.3096,0.511,0.051,1.0683,1700,1630,1.145,0.0767,0.4343,0.4343,800,8/23/2019 8:00,1500,8/27/2019 15:00,4.291666667,0.101196117,0.033732039,0.033732039
35,Live_M,Urchins,Live,1,0,0,1,M,3,8/23/2019,800,0.9426,8/27/2019,1500,4.86,4.61,4.42,13.89,1009,1530,1.1313,0.1926,0.9387,1000,1530,18.3956,18.2043,0.1913,0.0013,1.0483,1646,1630,1.0607,0.0124,0.1789,0.1789,800,8/23/2019 8:00,1500,8/27/2019 15:00,4.291666667,0.041685437,0.013895146,0.013895146
36,Live_A,Urchins,Live,1,0,0,1,A,3,8/23/2019,800,0.9476,8/27/2019,1500,3.28,5.13,4.14,12.55,948,1530,1.6181,0.6271,0.991,1000,1530,20.8329,20.2166,0.6163,0.0108,1.0584,1656,1630,1.0943,0.0359,0.5804,0.5804,800,8/23/2019 8:00,1500,8/27/2019 15:00,4.291666667,0.135238835,0.045079612,0.045079612
37,Live_P,Urchins,Live,1,0,0,1,P,3,8/23/2019,800,0.9384,8/27/2019,1500,6.05,4.1,4.19,14.34,1013,1530,1.0238,0.0682,0.9556,1000,1530,18.8794,18.7992,0.0802,-0.012,1.0553,1656,1630,1.066,0.0107,0.0695,0.0695,800,8/23/2019 8:00,1500,8/27/2019 15:00,4.291666667,0.016194175,0.005398058,0.005398058
38,Algae_M,Urchins,Algae,0,0,1,1,M,3,8/23/2019,800,0.9671,8/27/2019,1500,4.58,4.8,4.8,14.18,1200,1530,1.3036,0.2822,1.0214,1000,1530,38.3988,38.1033,0.2955,-0.0133,1.073,1640,1630,1.11,0.037,0.2585,0.2585,800,8/23/2019 8:00,1500,8/27/2019 15:00,4.291666667,0.06023301,0.02007767,0.02007767
39,Algae_A,Urchins,Algae,0,0,1,1,A,3,8/23/2019,800,0.93,8/27/2019,1500,4.28,4.96,4.48,13.72,1200,1530,3.3223,2.3347,0.9876,1000,1530,35.2707,33.0406,2.2301,0.1046,1.0611,1646,1630,1.211,0.1499,2.0802,2.0802,800,8/23/2019 8:00,1500,8/27/2019 15:00,4.291666667,0.484706796,0.161568932,0.161568932
40,Algae_P,Urchins,Algae,0,0,1,1,P,3,8/23/2019,800,0.9377,8/27/2019,1500,4.51,5.37,4.6,14.48,1200,1530,1.6243,0.6525,0.9718,1000,1530,32.4276,31.8006,0.627,0.0255,1.0648,1640,1630,1.1325,0.0677,0.5593,0.5593,800,8/23/2019 8:00,1500,8/27/2019 15:00,4.291666667,0.13032233,0.043440777,0.043440777
41,DeadCont_M,Control,Dead,0,1,0,0,M,3,8/23/2019,800,0.9432,8/27/2019,1500,NA,NA,NA,NA,1025,1530,0.9409,-0.0297,0.9706,900,1400,17.1772,17.1756,0.0016,-0.0313,1.0567,1700,1630,1.0478,-0.0089,0.0105,0.0105,800,8/23/2019 8:00,1500,8/27/2019 15:00,4.291666667,0.002446602,0.000815534,0.000815534
42,DeadCont_A,Control,Dead,0,1,0,0,A,3,8/23/2019,800,0.9737,8/27/2019,1500,NA,NA,NA,NA,1025,1530,1.0458,0.0426,1.0032,900,1400,17.9613,17.8922,0.0691,-0.0265,1.0275,1700,1630,1.041,0.0135,0.0556,0.0556,800,8/23/2019 8:00,1500,8/27/2019 15:00,4.291666667,0.01295534,0.004318447,0.004318447
43,DeadCont_P,Control,Dead,0,1,0,0,P,3,8/23/2019,800,0.9368,8/27/2019,1500,NA,NA,NA,NA,1030,1530,0.9775,0.0206,0.9569,900,1400,39.929,39.8969,0.0321,-0.0115,1.0678,1700,1630,1.0704,0.0026,0.0295,0.0295,800,8/23/2019 8:00,1500,8/27/2019 15:00,4.291666667,0.006873786,0.002291262,0.002291262
44,LiveCont_M,Control,Live,1,0,0,0,M,3,8/23/2019,800,0.92,8/27/2019,1500,NA,NA,NA,NA,951,1530,0.9115,-0.032,0.9435,900,1400,16.6178,16.6198,-0.002,-0.03,1.0634,1700,1630,1.0357,-0.0277,0.0257,0.0257,800,8/23/2019 8:00,1500,8/27/2019 15:00,4.291666667,0.00598835,0.001996117,0.001996117
45,LiveCont_A,Control,Live,1,0,0,0,A,3,8/23/2019,800,0.9525,8/27/2019,1500,NA,NA,NA,NA,931,1530,0.9694,-0.0025,0.9719,900,1400,20.1336,20.1217,0.0119,-0.0144,1.0687,1700,1630,1.0582,-0.0105,0.0224,0.0224,800,8/23/2019 8:00,1500,8/27/2019 15:00,4.291666667,0.005219417,0.001739806,0.001739806
46,LiveCont_P,Control,Live,1,0,0,0,P,3,8/23/2019,800,0.9269,8/27/2019,1500,NA,NA,NA,NA,935,1530,0.9292,0.0282,0.901,900,1400,17.2059,17.2017,0.0042,0.024,1.0605,1700,1630,1.0666,0.0061,0,0,800,8/23/2019 8:00,1500,8/27/2019 15:00,4.291666667,0,0,0.001
47,AlgaeCont_M,Control,Algae,0,0,1,0,M,3,8/23/2019,800,0.9576,8/27/2019,1500,NA,NA,NA,NA,1200,1513,1.0724,0.0897,0.9827,1000,1530,31.1319,31.0563,0.0756,0.0141,1.073,1700,1630,1.0835,0.0105,0.0651,0.0651,800,8/23/2019 8:00,1500,8/27/2019 15:00,4.291666667,0.015168932,0.005056311,0.005056311
48,AlgaeCont_A,Control,Algae,0,0,1,0,A,3,8/23/2019,800,0.9686,8/27/2019,1500,NA,NA,NA,NA,1200,1513,1.174,0.1639,1.0101,1000,1530,18.3601,18.2042,0.1559,0.008,1.0611,1700,1630,1.0678,0.0067,0.1492,0.1492,800,8/23/2019 8:00,1500,8/27/2019 15:00,4.291666667,0.034765049,0.01158835,0.01158835
49,AlgaeCont_P,Control,Algae,0,0,1,0,P,3,8/23/2019,800,0.9045,8/27/2019,1500,NA,NA,NA,NA,1143,1514,1.0076,0.0526,0.955,1000,1530,19.4121,19.3617,0.0504,0.0022,1.0648,1700,1630,1.0667,0.0019,0.0485,0.0485,800,8/23/2019 8:00,1500,8/27/2019 15:00,4.291666667,0.011300971,0.00376699,0.00376699
50,Urch_Cont,Urchins,Urch_cont,0,0,0,1,Urch_cont,3,8/23/2019,800,0.9314,8/27/2019,1500,4.42,4.52,5.37,14.31,1030,1530,0.9498,0.0053,0.9445,900,1400,19.9863,19.9659,0.0204,-0.0151,1.0462,1700,1630,1.0566,0.0104,0.01,0.01,800,8/23/2019 8:00,1500,8/27/2019 15:00,4.291666667,0.002330097,0.000776699,0.000776699
51,Dead_M,Urchins,Dead,0,1,0,1,M,4,9/4/2019,830,0.8597,9/9/2019,1300,2.52,5.57,4.96,13.05,1516,1400,0.9701,0.0461,0.924,830,1400,18.2435,18.18,0.0635,-0.0174,1.0786,1436,1300,1.0745,-0.0041,0.0676,0.0676,830,9/4/2019 8:30,1300,9/9/2019 13:00,5.1875,0.013031325,0.004343775,0.004343775
52,Dead_A,Urchins,Dead,0,1,0,1,A,4,9/4/2019,830,0.9225,9/9/2019,1300,4.81,4.47,4.73,14.01,1529,1400,1.3931,0.4052,0.9879,830,1400,18.6756,18.26,0.4156,-0.0104,1.0737,1425,1300,1.1024,0.0287,0.3869,0.3869,830,9/4/2019 8:30,1300,9/9/2019 13:00,5.1875,0.074583133,0.024861044,0.024861044
53,Dead_P,Urchins,Dead,0,1,0,1,P,4,9/4/2019,830,0.8964,9/9/2019,1300,4.8,4.74,4.55,14.09,1546,1400,1.2289,0.2519,0.977,830,1400,18.5788,18.32,0.2588,-0.0069,1.0735,1417,1300,1.0894,0.0159,0.2429,0.2429,830,9/4/2019 8:30,1300,9/9/2019 13:00,5.1875,0.046824096,0.015608032,0.015608032
57,Algae_M,Urchins,Algae,0,0,1,1,M,4,9/4/2019,830,0.9132,9/9/2019,1300,3.56,4.88,3.43,11.87,1721,1400,1.4475,0.4544,0.9931,830,1400,38.5199,38.12,0.3999,0.0545,1.0539,1359,1300,1.0585,0.0046,0.3953,0.3953,830,9/4/2019 8:30,1300,9/9/2019 13:00,5.1875,0.07620241,0.025400803,0.025400803
58,Algae_A,Urchins,Algae,0,0,1,1,A,4,9/4/2019,830,0.9114,9/9/2019,1300,3.97,3.34,NA,7.31,1714,1400,2.286,1.2874,0.9986,830,1400,34.2794,33.05,1.2294,0.058,1.0548,1411,1300,1.118,0.0632,1.1662,1.1662,830,9/4/2019 8:30,1300,9/9/2019 13:00,5.1875,0.224809639,0.074936546,0.074936546
59,Algae_P,Urchins,Algae,0,0,1,1,P,4,9/4/2019,830,0.886,9/9/2019,1300,5.23,3.01,5.38,13.62,1635,1400,1.8269,0.8732,0.9537,830,1400,32.6229,31.81,0.8129,0.0603,1.0752,1321,1300,1.1264,0.0512,0.7617,0.7617,830,9/4/2019 8:30,1300,9/9/2019 13:00,5.1875,0.146833735,0.048944578,0.048944578
60,DeadCont_M,Control,Dead,0,1,0,0,M,4,9/4/2019,830,0.8542,9/9/2019,1300,NA,NA,NA,NA,1629,1400,0.8913,-0.0149,0.9062,1630,2200,17.1744,17.18,-0.0056,-0.0093,1.0945,1356,1300,1.0633,-0.0312,0.0256,0.0256,830,9/4/2019 8:30,1300,9/9/2019 13:00,5.1875,0.00493494,0.00164498,0.00164498
61,DeadCont_A,Control,Dead,0,1,0,0,A,4,9/4/2019,830,0.9182,9/9/2019,1300,NA,NA,NA,NA,1629,1400,1.0031,-0.0491,1.0522,1630,2200,17.8966,17.91,-0.0134,-0.0357,1.0968,1351,1300,1.0975,7.00E-04,0,0,830,9/4/2019 8:30,1300,9/9/2019 13:00,5.1875,0,0,0.001
62,DeadCont_P,Control,Dead,0,1,0,0,P,4,9/4/2019,830,0.93,9/9/2019,1300,NA,NA,NA,NA,1609,1400,0.9734,-0.0364,1.0098,1630,2200,39.9005,39.92,-0.0195,-0.0169,1.0726,1411,1300,1.0559,-0.0167,0,0,830,9/4/2019 8:30,1300,9/9/2019 13:00,5.1875,0,0,0.001
63,LiveCont_M,Control,Live,1,0,0,0,M,4,9/4/2019,830,0.9162,9/9/2019,1300,NA,NA,NA,NA,1709,1400,0.9458,-0.0486,0.9944,1630,2200,16.6183,16.62,-0.0017,-0.0469,1.0802,1403,1300,1.0465,-0.0337,0.032,0.032,830,9/4/2019 8:30,1300,9/9/2019 13:00,5.1875,0.006168675,0.002056225,0.002056225
64,LiveCont_A,Control,Live,1,0,0,0,A,4,9/4/2019,830,0.9279,9/9/2019,1300,NA,NA,NA,NA,1709,1400,0.9763,-0.0247,1.001,1630,2200,20.1276,20.13,-0.0024,-0.0223,1.0848,1321,1300,1.0819,-0.0029,5.00E-04,5.00E-04,830,9/4/2019 8:30,1300,9/9/2019 13:00,5.1875,9.64E-05,3.21E-05,3.21E-05
65,LiveCont_P,Control,Live,1,0,0,0,P,4,9/4/2019,830,0.8839,9/9/2019,1300,NA,NA,NA,NA,1647,1400,0.9238,-0.0419,0.9657,1630,2200,17.204,17.21,-0.006,-0.0359,1.0695,1417,1300,1.0538,-0.0157,0.0097,0.0097,830,9/4/2019 8:30,1300,9/9/2019 13:00,5.1875,0.00186988,0.000623293,0.000623293
66,AlgaeCont_M,Control,Algae,0,0,1,0,M,4,9/4/2019,830,0.9338,9/9/2019,1300,NA,NA,NA,NA,1549,1400,0.947,-0.0363,0.9833,1630,2200,31.0589,31.06,-0.0011,-0.0352,1.0649,1351,1300,1.0523,-0.0126,0.0115,0.0115,830,9/4/2019 8:30,1300,9/9/2019 13:00,5.1875,0.002216867,0.000738956,0.000738956
67,AlgaeCont_A,Control,Algae,0,0,1,0,A,4,9/4/2019,830,0.9289,9/9/2019,1300,NA,NA,NA,NA,1549,1400,1.4593,0.4324,1.0269,1630,2200,18.6688,18.21,0.4588,-0.0264,1.0533,1337,1300,1.0745,0.0212,0.4376,0.4376,830,9/4/2019 8:30,1300,9/9/2019 13:00,5.1875,0.084356627,0.028118876,0.028118876
68,AlgaeCont_P,Control,Algae,0,0,1,0,P,4,9/4/2019,830,-,9/9/2019,1300,NA,NA,NA,NA,1546,1400,0.9341,-0.0044,0.9385,1630,2200,19.3805,19.37,0.0105,-0.0149,1.053,1335,1300,1.04,-0.013,0.0235,0.0235,830,9/4/2019 8:30,1300,9/9/2019 13:00,5.1875,0.00453012,0.00151004,0.00151004
69,Urch_Cont,Urchins,Urch_cont,0,0,0,1,Urch_cont,4,9/4/2019,830,0.8866,9/9/2019,1300,3.14,3.33,5.14,11.61,1653,1400,0.9526,-0.0049,0.9575,1630,2200,19.9807,19.98,7.00E-04,-0.0056,1.0758,1423,1300,1.0572,-0.0186,0.0193,0.0193,830,9/4/2019 8:30,1300,9/9/2019 13:00,5.1875,0.003720482,0.001240161,0.001240161
70,Dead_M,Urchins,Dead,0,1,0,1,M,5,9/15/2019,1000,0.8969,9/20/2019,1700,6.38,4.88,3.63,14.89,1230,1400,1.1214,0.1676,0.9538,1600,2100,18.3382,18.1787,0.1595,0.0081,1.1014,1945,1000,1.0803,-0.0211,0.1806,0.1806,1000,9/15/2019 10:00,1700,9/20/2019 17:00,5.291666667,0.034129134,0.011376378,0.011376378
71,Dead_A,Urchins,Dead,0,1,0,1,A,5,9/15/2019,1000,0.9125,9/20/2019,1700,4,4.4,4.68,13.08,1235,1400,1.0986,0.1454,0.9532,1600,2100,18.3858,18.2548,0.131,0.0144,1.0878,1945,1000,1.0438,-0.044,0.175,0.175,1000,9/15/2019 10:00,1700,9/20/2019 17:00,5.291666667,0.033070866,0.011023622,0.011023622
72,Dead_P,Urchins,Dead,0,1,0,1,P,5,9/15/2019,1000,0.9194,9/20/2019,1700,4.89,4.49,6.47,15.85,1220,1400,2.3036,1.3295,0.9741,1600,2100,19.578,18.3142,1.2638,0.0657,1.0717,1933,1000,1.1542,0.0825,1.1813,1.1813,1000,9/15/2019 10:00,1700,9/20/2019 17:00,5.291666667,0.223237795,0.074412598,0.074412598
73,Live_M,Urchins,Live,1,0,0,1,M,5,9/15/2019,1000,0.9429,9/20/2019,1700,4.06,4.87,4.61,13.54,1313,1400,1.196,0.2055,0.9905,800,1400,18.4106,18.2065,0.2041,0.0014,1.0716,2130,1000,1.064,-0.0076,0.2117,0.2117,1000,9/15/2019 10:00,1700,9/20/2019 17:00,5.291666667,0.040006299,0.013335433,0.013335433
74,Live_A,Urchins,Live,1,0,0,1,A,5,9/15/2019,1000,0.8952,9/20/2019,1700,4.13,4.45,5.76,14.34,1306,1400,1.0449,0.1039,0.941,800,1400,20.2995,20.2091,0.0904,0.0135,1.0807,2130,1000,1.0727,-0.008,0.0984,0.0984,1000,9/15/2019 10:00,1700,9/20/2019 17:00,5.291666667,0.018595276,0.006198425,0.006198425
75,Live_P,Urchins,Live,1,0,0,1,P,5,9/15/2019,1000,0.9427,9/20/2019,1700,4.9,4.8,4.89,14.59,1248,1400,1.0618,0.0749,0.9869,800,1400,18.8784,18.8009,0.0775,-0.0026,1.1077,2130,1000,1.0906,-0.0171,0.0946,0.0946,1000,9/15/2019 10:00,1700,9/20/2019 17:00,5.291666667,0.017877165,0.005959055,0.005959055
76,Algae_M,Urchins,Algae,0,0,1,1,M,5,9/15/2019,1000,0.9223,9/20/2019,1700,5.42,4.19,5.05,14.66,1417,1400,1.5158,0.5234,0.9924,800,1400,38.602,38.1069,0.4951,0.0283,1.0702,2130,1000,1.125,0.0548,0.4403,0.4403,1000,9/15/2019 10:00,1700,9/20/2019 17:00,5.291666667,0.083206299,0.027735433,0.027735433
77,Algae_A,Urchins,Algae,0,0,1,1,A,5,9/15/2019,1000,0.8883,9/20/2019,1700,6.3,4.48,6.06,16.84,1417,1400,6.8264,5.8397,0.9867,800,1400,38.6233,33.0435,5.5798,0.2599,1.0829,2130,1000,1.3115,0.2286,5.3512,5.3512,1000,9/15/2019 10:00,1700,9/20/2019 17:00,5.291666667,1.011250394,0.337083465,0.337083465
78,Algae_P,Urchins,Algae,0,0,1,1,P,5,9/15/2019,1000,0.9594,9/20/2019,1700,5.04,4.49,5.68,15.21,1337,1400,2.6941,1.6567,1.0374,800,1400,33.3781,31.805,1.5731,0.0836,1.1013,2130,1000,1.1815,0.0802,1.4929,1.4929,1000,9/15/2019 10:00,1700,9/20/2019 17:00,5.291666667,0.282122835,0.094040945,0.094040945
79,DeadCont_M,Control,Dead,0,1,0,0,M,5,9/15/2019,1000,0.9793,9/20/2019,1700,NA,NA,NA,NA,1229,1400,1.0158,-0.0211,1.0369,1600,2100,17.189,17.1714,0.0176,-0.0387,1.0961,2005,1000,1.0514,-0.0447,0.0623,0.0623,1000,9/15/2019 10:00,1700,9/20/2019 17:00,5.291666667,0.011773228,0.003924409,0.003924409
80,DeadCont_A,Control,Dead,0,1,0,0,A,5,9/15/2019,1000,0.9513,9/20/2019,1700,NA,NA,NA,NA,1232,1400,1.0421,0.0288,1.0133,1600,2100,17.9278,17.8945,0.0333,-0.0045,1.0955,1957,1000,1.0662,-0.0293,0.0626,0.0626,1000,9/15/2019 10:00,1700,9/20/2019 17:00,5.291666667,0.011829921,0.003943307,0.003943307
81,DeadCont_P,Control,Dead,0,1,0,0,P,5,9/15/2019,1000,0.9279,9/20/2019,1700,NA,NA,NA,NA,1229,1400,0.9659,-0.0124,0.9783,1600,2100,39.9131,39.8991,0.014,-0.0264,1.1099,2005,1000,1.0527,-0.0572,0.0712,0.0712,1000,9/15/2019 10:00,1700,9/20/2019 17:00,5.291666667,0.013455118,0.004485039,0.004485039
82,LiveCont_M,Control,Live,1,0,0,0,M,5,9/15/2019,1000,0.9285,9/20/2019,1700,NA,NA,NA,NA,1328,1400,0.9772,-0.0303,1.0075,1600,2100,16.6251,16.6184,0.0067,-0.037,1.1066,2020,1000,1.0815,-0.0251,0.0318,0.0318,1000,9/15/2019 10:00,1700,9/20/2019 17:00,5.291666667,0.006009449,0.00200315,0.00200315
83,LiveCont_A,Control,Live,1,0,0,0,A,5,9/15/2019,1000,0.9198,9/20/2019,1700,NA,NA,NA,NA,1304,1400,1.0146,0.016,0.9986,1600,2100,20.1564,20.1211,0.0353,-0.0193,1.1034,2020,1000,1.0795,-0.0239,0.0592,0.0592,1000,9/15/2019 10:00,1700,9/20/2019 17:00,5.291666667,0.011187402,0.003729134,0.003729134
84,LiveCont_P,Control,Live,1,0,0,0,P,5,9/15/2019,1000,0.9254,9/20/2019,1700,NA,NA,NA,NA,1304,1400,1.0059,0.0437,0.9622,1600,2100,17.2506,17.2036,0.047,-0.0033,1.0858,2008,1000,1.0733,-0.0125,0.0595,0.0595,1000,9/15/2019 10:00,1700,9/20/2019 17:00,5.291666667,0.011244094,0.003748031,0.003748031
85,AlgaeCont_M,Control,Algae,0,0,1,0,M,5,9/15/2019,1000,0.8836,9/20/2019,1700,NA,NA,NA,NA,1353,1400,0.9452,-0.015,0.9602,800,1400,31.0671,31.0346,0.0325,-0.0475,1.0861,2045,1000,1.0996,0.0135,0.019,0.019,1000,9/15/2019 10:00,1700,9/20/2019 17:00,5.291666667,0.003590551,0.00119685,0.00119685
86,AlgaeCont_A,Control,Algae,0,0,1,0,A,5,9/15/2019,1000,0.8966,9/20/2019,1700,NA,NA,NA,NA,1353,1400,1.7153,0.6921,1.0232,800,1400,18.9091,18.2049,0.7042,-0.0121,1.0707,2130,1000,1.0675,-0.0032,0.7074,0.7074,1000,9/15/2019 10:00,1700,9/20/2019 17:00,5.291666667,0.13368189,0.04456063,0.04456063
87,AlgaeCont_P,Control,Algae,0,0,1,0,P,5,9/15/2019,1000,0.9007,9/20/2019,1700,NA,NA,NA,NA,1353,1400,0.9318,-0.0318,0.9636,800,1400,19.3677,19.3614,0.0063,-0.0381,1.0908,2130,1000,1.0492,-0.0416,0.0479,0.0479,1000,9/15/2019 10:00,1700,9/20/2019 17:00,5.291666667,0.009051969,0.003017323,0.003017323
88,Urch_Cont,Urchins,Urch_cont,0,0,0,1,Urch_cont,5,9/15/2019,1000,0.9377,9/20/2019,1700,4.65,4.34,4.38,13.37,1337,1400,0.9909,0.0223,0.9686,1600,2100,19.9856,19.9679,0.0177,0.0046,1.0729,2020,1000,1.0246,-0.0483,0.066,0.066,1000,9/15/2019 10:00,1700,9/20/2019 17:00,5.291666667,0.012472441,0.00415748,0.00415748
89,Dead_M,Urchins,Dead,0,1,0,1,M,6,9/29/2019,800,0.9566,10/4/2019,1700,4.14,3.67,4.43,12.24,1606,1500,NA,NA,1.08,1700,2200,19.0523,18.1775,0.8748,NA,1.0872,1200,1500,1.2122,0.125,0.7498,0.7498,800,9/29/2019 8:00,1700,10/4/2019 17:00,5.375,0.139497674,0.046499225,0.046499225
90,Dead_A,Urchins,Dead,0,1,0,1,A,6,9/29/2019,800,0.9534,10/4/2019,1700,4.83,5.33,4.27,14.43,1633,1500,NA,NA,1.0357,1700,2200,18.7577,18.2536,0.5041,NA,1.0855,1200,1500,1.1226,0.0371,0.467,0.467,800,9/29/2019 8:00,1700,10/4/2019 17:00,5.375,0.086883721,0.02896124,0.02896124
91,Dead_P,Urchins,Dead,0,1,0,1,P,6,9/29/2019,800,0.9755,10/4/2019,1700,3.51,4.61,3.04,11.16,1530,1500,NA,NA,1.0665,1700,2200,18.9696,18.3144,0.6552,NA,1.0948,1200,1500,1.1052,0.0104,0.6448,0.6448,800,9/29/2019 8:00,1700,10/4/2019 17:00,5.375,0.119962791,0.039987597,0.039987597
93,Live_A,Urchins,Live,1,0,0,1,A,6,9/29/2019,800,0.9331,10/4/2019,1700,3.8,4.08,4.53,12.41,1600,1500,NA,NA,1.0443,1700,2200,20.6437,20.2011,0.4426,NA,1.0866,1200,1500,1.1677,0.0811,0.3615,0.3615,800,9/29/2019 8:00,1700,10/4/2019 17:00,5.375,0.067255814,0.022418605,0.022418605
94,Live_P,Urchins,Live,1,0,0,1,P,6,9/29/2019,800,0.9761,10/4/2019,1700,5.43,7.01,4.07,16.51,1630,1500,NA,NA,1.0738,1700,2200,18.8891,18.8012,0.0879,NA,1.0874,1200,1500,1.0951,0.0077,0.0802,0.0802,800,9/29/2019 8:00,1700,10/4/2019 17:00,5.375,0.01492093,0.004973643,0.004973643
95,Algae_M,Urchins,Algae,0,0,1,1,M,6,9/29/2019,800,0.9567,10/4/2019,1700,4.66,3.63,6.06,14.35,1447,1500,NA,NA,1.0691,1700,2200,38.4547,38.1052,0.3495,NA,1.0863,1200,1500,1.1064,0.0201,0.3294,0.3294,800,9/29/2019 8:00,1700,10/4/2019 17:00,5.375,0.061283721,0.020427907,0.020427907
96,Algae_A,Urchins,Algae,0,0,1,1,A,6,9/29/2019,800,0.9754,10/4/2019,1700,6.88,5.04,4.98,16.9,1447,1500,NA,NA,1.0771,1700,2200,33.8811,33.0396,0.8415,NA,1.0946,1200,1500,1.1497,0.0551,0.7864,0.7864,800,9/29/2019 8:00,1700,10/4/2019 17:00,5.375,0.146306977,0.048768992,0.048768992
97,Algae_P,Urchins,Algae,0,0,1,1,P,6,9/29/2019,800,0.9204,10/4/2019,1700,3.89,4.86,4.38,13.13,1447,1500,NA,NA,1.0637,1700,2200,34.8209,31.7956,3.0253,NA,1.1004,1200,1500,1.2605,0.1601,2.8652,2.8652,800,9/29/2019 8:00,1700,10/4/2019 17:00,5.375,0.533060465,0.177686822,0.177686822
98,DeadCont_M,Control,Dead,0,1,0,0,M,6,9/29/2019,800,0.9436,10/4/2019,1700,NA,NA,NA,NA,1445,1500,NA,NA,1.0504,1700,2200,17.1788,17.1711,0.0077,NA,1.0978,1200,1500,1.0626,-0.0352,0.0429,0.0429,800,9/29/2019 8:00,1700,10/4/2019 17:00,5.375,0.007981395,0.002660465,0.002660465
99,DeadCont_A,Control,Dead,0,1,0,0,A,6,9/29/2019,800,0.9623,10/4/2019,1700,NA,NA,NA,NA,1445,1500,NA,NA,1.0578,1700,2200,17.8961,17.8937,0.0024,NA,1.0898,1200,1500,1.0466,-0.0432,0.0456,0.0456,800,9/29/2019 8:00,1700,10/4/2019 17:00,5.375,0.008483721,0.002827907,0.002827907
100,DeadCont_P,Control,Dead,0,1,0,0,P,6,9/29/2019,800,0.9133,10/4/2019,1700,NA,NA,NA,NA,1445,1500,NA,NA,1.0577,1700,2200,39.9028,39.897,0.0058,NA,1.0848,1200,1500,1.0521,-0.0327,0.0385,0.0385,800,9/29/2019 8:00,1700,10/4/2019 17:00,5.375,0.007162791,0.002387597,0.002387597
101,LiveCont_M,Control,Live,1,0,0,0,M,6,9/29/2019,800,0.9364,10/4/2019,1700,NA,NA,NA,NA,1500,1500,NA,NA,1.0625,1700,2200,16.6204,16.6159,0.0045,NA,1.1122,1200,1500,1.0588,-0.0534,0.0579,0.0579,800,9/29/2019 8:00,1700,10/4/2019 17:00,5.375,0.010772093,0.003590698,0.003590698
102,LiveCont_A,Control,Live,1,0,0,0,A,6,9/29/2019,800,0.9499,10/4/2019,1700,NA,NA,NA,NA,1500,1500,NA,NA,1.0777,1700,2200,20.177,20.1228,0.0542,NA,1.0961,1200,1500,1.0554,-0.0407,0.0949,0.0949,800,9/29/2019 8:00,1700,10/4/2019 17:00,5.375,0.017655814,0.005885271,0.005885271
103,LiveCont_P,Control,Live,1,0,0,0,P,6,9/29/2019,800,0.9715,10/4/2019,1700,NA,NA,NA,NA,1500,1500,NA,NA,1.0309,1700,2200,17.2097,17.2033,0.0064,NA,1.0713,1200,1500,1.0393,-0.032,0.0384,0.0384,800,9/29/2019 8:00,1700,10/4/2019 17:00,5.375,0.007144186,0.002381395,0.002381395
104,AlgaeCont_M,Control,Algae,0,0,1,0,M,6,9/29/2019,800,0.9625,10/4/2019,1700,NA,NA,NA,NA,1447,1500,NA,NA,1.085,1700,2200,31.0368,31.0253,0.0115,NA,1.0738,1200,1500,1.0501,-0.0237,0.0352,0.0352,800,9/29/2019 8:00,1700,10/4/2019 17:00,5.375,0.006548837,0.002182946,0.002182946
105,AlgaeCont_A,Control,Algae,0,0,1,0,A,6,9/29/2019,800,0.9432,10/4/2019,1700,NA,NA,NA,NA,1447,1500,NA,NA,1.0446,1700,2200,18.2338,18.2047,0.0291,NA,1.1084,1200,1500,1.0842,-0.0242,0.0533,0.0533,800,9/29/2019 8:00,1700,10/4/2019 17:00,5.375,0.009916279,0.003305426,0.003305426
106,AlgaeCont_P,Control,Algae,0,0,1,0,P,6,9/29/2019,800,0.9627,10/4/2019,1700,NA,NA,NA,NA,1500,1500,NA,NA,1.1438,1700,2200,19.3745,19.3612,0.0133,NA,1.1,1200,1500,1.0761,-0.0239,0.0372,0.0372,800,9/29/2019 8:00,1700,10/4/2019 17:00,5.375,0.00692093,0.002306977,0.002306977
107,Urch_Cont,Urchins,Urch_cont,0,0,0,1,Urch_cont,6,9/29/2019,800,0.9582,10/4/2019,1700,4.54,5.63,4.23,14.4,1515,1500,NA,NA,1.0427,1700,2200,20.0053,19.9689,0.0364,NA,1.0833,1200,1500,1.08,-0.0033,0.0397,0.0397,800,9/29/2019 8:00,1700,10/4/2019 17:00,5.375,0.007386047,0.002462016,0.002462016
108,Dead_M,Urchins,Dead,0,1,0,1,M,7,10/12/2019,1500,0.9638,10/16/2019,1500,5.29,5.06,7.29,17.64,1600,1700,1.0194,0.0068,1.0126,900,1500,18.2183,18.1755,0.0428,-0.036,1.1184,2000,2000,1.1055,-0.0129,0.0557,0.0557,1500,10/12/2019 15:00,1500,10/16/2019 15:00,4,0.013925,0.004641667,0.004641667
109,Dead_A,Urchins,Dead,0,1,0,1,A,7,10/12/2019,1500,0.9232,10/16/2019,1500,5.89,5.01,4.94,15.84,1600,1700,1.1133,0.1568,0.9565,900,1500,18.4206,18.2505,0.1701,-0.0133,1.1034,2000,2000,1.1142,0.0108,0.1593,0.1593,1500,10/12/2019 15:00,1500,10/16/2019 15:00,4,0.039825,0.013275,0.013275
110,Dead_P,Urchins,Dead,0,1,0,1,P,7,10/12/2019,1500,0.9605,10/16/2019,1500,4.01,6.32,5.53,15.86,1600,1700,2.3639,1.3334,1.0305,900,1500,19.6044,18.3076,1.2968,0.0366,1.0993,2000,2000,1.2104,0.1111,1.1857,1.1857,1500,10/12/2019 15:00,1500,10/16/2019 15:00,4,0.296425,0.098808333,0.098808333
111,Live_M,Urchins,Live,1,0,0,1,M,7,10/12/2019,1500,0.959,10/16/2019,1500,5.02,5.66,3.89,14.57,1600,1700,1.0964,0.096,1.0004,900,1500,18.3083,18.2027,0.1056,-0.0096,1.0883,2000,2000,1.1054,0.0171,0.0885,0.0885,1500,10/12/2019 15:00,1500,10/16/2019 15:00,4,0.022125,0.007375,0.007375
112,Live_A,Urchins,Live,1,0,0,1,A,7,10/12/2019,1500,0.9348,10/16/2019,1500,6.61,5.52,5.42,17.55,1600,1700,1.3427,0.3512,0.9915,900,1500,20.547,20.1961,0.3509,0.0003,1.0594,2000,2000,1.078,0.0186,0.3323,0.3323,1500,10/12/2019 15:00,1500,10/16/2019 15:00,4,0.083075,0.027691667,0.027691667
113,Live_P,Urchins,Live,1,0,0,1,P,7,10/12/2019,1500,0.9678,10/16/2019,1500,5.9,6.37,7.57,19.84,1600,1700,1.1715,0.1528,1.0187,900,1500,18.9568,18.7988,0.158,-0.0052,1.0761,2000,2000,1.0933,0.0172,0.1408,0.1408,1500,10/12/2019 15:00,1500,10/16/2019 15:00,4,0.0352,0.011733333,0.011733333
114,Algae_M,Urchins,Algae,0,0,1,1,M,7,10/12/2019,1500,0.9058,10/16/2019,1500,4.78,4.46,6.38,15.62,1600,1700,1.9258,0.9633,0.9625,900,1500,39.0567,38.1052,0.9515,0.0118,1.1123,2000,2000,1.1654,0.0531,0.8984,0.8984,1500,10/12/2019 15:00,1500,10/16/2019 15:00,4,0.2246,0.074866667,0.074866667
115,Algae_A,Urchins,Algae,0,0,1,1,A,7,10/12/2019,1500,0.9532,10/16/2019,1500,6.38,5.23,6.94,18.55,1600,1700,2.7653,1.7525,1.0128,900,1500,34.7281,33.0402,1.6879,0.0646,1.1098,2000,2000,1.1468,0.037,1.6509,1.6509,1500,10/12/2019 15:00,1500,10/16/2019 15:00,4,0.412725,0.137575,0.137575
116,Algae_P,Urchins,Algae,0,0,1,1,P,7,10/12/2019,1500,0.8867,10/16/2019,1500,4.74,6.98,5.74,17.46,1600,1700,2.041,1.0949,0.9461,900,1500,32.8342,31.7885,1.0457,0.0492,1.1093,2000,2000,1.2785,0.1692,0.8765,0.8765,1500,10/12/2019 15:00,1500,10/16/2019 15:00,4,0.219125,0.073041667,0.073041667
117,DeadCont_M,Control,Dead,0,1,0,0,M,7,10/12/2019,1500,0.9245,10/16/2019,1500,NA,NA,NA,NA,1600,1700,0.9439,-0.0328,0.9767,900,1500,17.1761,17.1686,0.0075,-0.0403,1.1246,1600,2000,1.0992,-0.0254,0.0329,0.0329,1500,10/12/2019 15:00,1500,10/16/2019 15:00,4,0.008225,0.002741667,0.002741667
118,DeadCont_A,Control,Dead,0,1,0,0,A,7,10/12/2019,1500,0.925,10/16/2019,1500,NA,NA,NA,NA,1600,1700,0.9337,-0.0238,0.9575,900,1500,17.8983,17.8938,0.0045,-0.0283,1.1254,1600,2000,1.0859,-0.0395,0.044,0.044,1500,10/12/2019 15:00,1500,10/16/2019 15:00,4,0.011,0.003666667,0.003666667
119,DeadCont_P,Control,Dead,0,1,0,0,P,7,10/12/2019,1500,0.9396,10/16/2019,1500,NA,NA,NA,NA,1600,1700,0.+O128954,#VALUE!,0.996,900,1500,39.9038,39.8975,0.0063,#VALUE!,1.1365,1600,2000,1.102,-0.0345,0.0408,0.0408,1500,10/12/2019 15:00,1500,10/16/2019 15:00,4,0.0102,0.0034,0.0034
120,LiveCont_M,Control,Live,1,0,0,0,M,7,10/12/2019,1500,0.9261,10/16/2019,1500,NA,NA,NA,NA,1600,1700,0.9484,-0.047,0.9954,900,1500,16.62,16.6164,0.0036,-0.0506,1.0682,1600,2000,1.0677,-5.00E-04,0.0041,0.0041,1500,10/12/2019 15:00,1500,10/16/2019 15:00,4,0.001025,0.000341667,0.000341667
121,LiveCont_A,Control,Live,1,0,0,0,A,7,10/12/2019,1500,0.9714,10/16/2019,1500,NA,NA,NA,NA,1600,1700,0.9813,-0.0213,1.0026,900,1500,20.1309,20.1229,0.008,-0.0293,1.0862,1600,2000,1.0743,-0.0119,0.0199,0.0199,1500,10/12/2019 15:00,1500,10/16/2019 15:00,4,0.004975,0.001658333,0.001658333
122,LiveCont_P,Control,Live,1,0,0,0,P,7,10/12/2019,1500,0.9366,10/16/2019,1500,NA,NA,NA,NA,1600,1700,0.9602,-0.0094,0.9696,900,1500,17.2131,17.2023,0.0108,-0.0202,1.1041,1600,2000,1.1028,-0.0013,0.0121,0.0121,1500,10/12/2019 15:00,1500,10/16/2019 15:00,4,0.003025,0.001008333,0.001008333
123,AlgaeCont_M,Control,Algae,0,0,1,0,M,7,10/12/2019,1500,0.9259,10/16/2019,1500,NA,NA,NA,NA,1600,1700,1.1063,0.1286,0.9777,900,1500,31.1561,31.013,0.1431,-0.0145,1.1043,1600,2000,1.1114,0.0071,0.136,0.136,1500,10/12/2019 15:00,1500,10/16/2019 15:00,4,0.034,0.011333333,0.011333333
124,AlgaeCont_A,Control,Algae,0,0,1,0,A,7,10/12/2019,1500,0.9208,10/16/2019,1500,NA,NA,NA,NA,1600,1700,1.252,0.2542,0.9978,900,1500,18.4638,18.2052,0.2586,-0.0044,1.1299,1600,2000,1.128,-0.0019,0.2605,0.2605,1500,10/12/2019 15:00,1500,10/16/2019 15:00,4,0.065125,0.021708333,0.021708333
125,AlgaeCont_P,Control,Algae,0,0,1,0,P,7,10/12/2019,1500,0.9279,10/16/2019,1500,NA,NA,NA,NA,1600,1700,0.9596,-0.0018,0.9614,900,1500,19.3754,19.3596,0.0158,-0.0176,1.1365,1600,2000,1.0977,-0.0388,0.0546,0.0546,1500,10/12/2019 15:00,1500,10/16/2019 15:00,4,0.01365,0.00455,0.00455
126,Urch_Cont,Urchins,Urch_cont,0,0,0,1,Urch_cont,7,10/12/2019,1500,0.9236,10/16/2019,1500,5.53,5.81,5.32,16.66,1600,1700,0.9369,-0.0487,0.9856,900,1500,19.9751,19.9675,0.0076,-0.0563,1.1394,1600,2000,1.0963,-0.0431,0.0507,0.0507,1500,10/12/2019 15:00,1500,10/16/2019 15:00,4,0.012675,0.004225,0.004225
127,Dead_M,Urchins,Dead,0,1,0,1,M,8,10/25/2019,1200,0.9403,10/30/2019,1000,5.88,5.57,5.41,16.86,1600,1600,NA,NA,0.9602,900,1500,18.5184,18.1797,0.3387,NA,1.0493,1300,1400,1.0829,0.0336,0.3051,0.3051,1200,10/25/2019 12:00,1000,10/30/2019 10:00,4.916666667,0.062054237,0.020684746,0.020684746
129,Dead_P,Urchins,Dead,0,1,0,1,P,8,10/25/2019,1200,0.9613,10/30/2019,1000,6.89,7.2,5.2,19.29,1600,1600,NA,NA,0.9668,900,1500,18.5484,18.3082,0.2402,NA,1.0752,1300,1400,1.1062,0.031,0.2092,0.2092,1200,10/25/2019 12:00,1000,10/30/2019 10:00,4.916666667,0.042549153,0.014183051,0.014183051
130,Live_M,Urchins,Live,1,0,0,1,M,8,10/25/2019,1200,0.9417,10/30/2019,1000,5.4,5.28,6.83,17.51,1600,1600,NA,NA,0.9486,900,1500,18.2441,18.2045,0.0396,NA,1.0729,1300,1400,1.0675,-0.0054,0.045,0.045,1200,10/25/2019 12:00,1000,10/30/2019 10:00,4.916666667,0.009152542,0.003050847,0.003050847
131,Live_A,Urchins,Live,1,0,0,1,A,8,10/25/2019,1200,0.9328,10/30/2019,1000,7.76,7.52,4.16,19.44,1600,1600,NA,NA,0.9519,900,1500,20.495,20.1898,0.3052,NA,1.0704,1300,1400,1.1091,0.0387,0.2665,0.2665,1200,10/25/2019 12:00,1000,10/30/2019 10:00,4.916666667,0.05420339,0.018067797,0.018067797
132,Live_P,Urchins,Live,1,0,0,1,P,8,10/25/2019,1200,0.9167,10/30/2019,1000,6.55,6.73,6.61,19.89,1600,1600,NA,NA,0.9178,900,1500,18.8597,18.8015,0.0582,NA,1.0975,1300,1400,1.0919,-0.0056,0.0638,0.0638,1200,10/25/2019 12:00,1000,10/30/2019 10:00,4.916666667,0.012976271,0.004325424,0.004325424
133,Algae_M,Urchins,Algae,0,0,1,1,M,8,10/25/2019,1200,0.9121,10/30/2019,1000,5.6,8.5,7,21.1,1600,1600,NA,NA,0.9383,900,1500,38.9338,38.1055,0.8283,NA,1.0746,1300,1400,1.1337,0.0591,0.7692,0.7692,1200,10/25/2019 12:00,1000,10/30/2019 10:00,4.916666667,0.156447458,0.052149153,0.052149153
134,Algae_A,Urchins,Algae,0,0,1,1,A,8,10/25/2019,1200,0.9459,10/30/2019,1000,7.63,5.26,4.74,17.63,1600,1600,NA,NA,0.9752,900,1500,34.1535,33.0393,1.1142,NA,1.0466,1300,1400,1.1063,0.0597,1.0545,1.0545,1200,10/25/2019 12:00,1000,10/30/2019 10:00,4.916666667,0.214474576,0.071491525,0.071491525
135,Algae_P,Urchins,Algae,0,0,1,1,P,8,10/25/2019,1200,0.933,10/30/2019,1000,5.78,6.41,8.26,20.45,1600,1600,NA,NA,0.9463,900,1500,32.7721,31.7858,0.9863,NA,1.0941,1300,1400,1.1322,0.0381,0.9482,0.9482,1200,10/25/2019 12:00,1000,10/30/2019 10:00,4.916666667,0.192854237,0.064284746,0.064284746
136,DeadCont_M,Control,Dead,0,1,0,0,M,8,10/25/2019,1200,0.9266,10/30/2019,1000,NA,NA,NA,NA,1600,1600,NA,NA,0.9417,900,1500,17.1882,17.1683,0.0199,NA,1.1007,1300,1400,1.0979,-0.0028,0.0227,0.0227,1200,10/25/2019 12:00,1000,10/30/2019 10:00,4.916666667,0.004616949,0.001538983,0.001538983
137,DeadCont_A,Control,Dead,0,1,0,0,A,8,10/25/2019,1200,0.9549,10/30/2019,1000,NA,NA,NA,NA,1600,1600,NA,NA,0.9764,900,1500,17.926,17.8939,0.0321,NA,1.0694,1300,1400,1.0767,0.0073,0.0248,0.0248,1200,10/25/2019 12:00,1000,10/30/2019 10:00,4.916666667,0.005044068,0.001681356,0.001681356
138,DeadCont_P,Control,Dead,0,1,0,0,P,8,10/25/2019,1200,0.9274,10/30/2019,1000,NA,NA,NA,NA,1600,1600,NA,NA,0.9334,900,1500,39.9077,39.8981,0.0096,NA,1.0938,1300,1400,1.0839,-0.0099,0.0195,0.0195,1200,10/25/2019 12:00,1000,10/30/2019 10:00,4.916666667,0.003966102,0.001322034,0.001322034
139,LiveCont_M,Control,Live,1,0,0,0,M,8,10/25/2019,1200,0.9575,10/30/2019,1000,NA,NA,NA,NA,1600,1600,NA,NA,0.9591,900,1500,16.6197,16.6159,0.0038,NA,1.0946,1300,1400,1.065,-0.0296,0.0334,0.0334,1200,10/25/2019 12:00,1000,10/30/2019 10:00,4.916666667,0.00679322,0.002264407,0.002264407
140,LiveCont_A,Control,Live,1,0,0,0,A,8,10/25/2019,1200,0.9404,10/30/2019,1000,NA,NA,NA,NA,1600,1600,NA,NA,0.9353,900,1500,20.1218,20.1213,5.00E-04,NA,1.0888,1300,1400,1.0625,-0.0263,0.0268,0.0268,1200,10/25/2019 12:00,1000,10/30/2019 10:00,4.916666667,0.005450847,0.001816949,0.001816949
141,LiveCont_P,Control,Live,1,0,0,0,P,8,10/25/2019,1200,0.9381,10/30/2019,1000,NA,NA,NA,NA,1600,1600,NA,NA,0.9344,900,1500,17.213,17.2024,0.0106,NA,1.0977,1300,1400,1.0997,0.002,0.0086,0.0086,1200,10/25/2019 12:00,1000,10/30/2019 10:00,4.916666667,0.001749153,0.000583051,0.000583051
142,AlgaeCont_M,Control,Algae,0,0,1,0,M,8,10/25/2019,1200,0.9234,10/30/2019,1000,NA,NA,NA,NA,1600,1600,NA,NA,0.9221,900,1500,31.029,30.9992,0.0298,NA,1.0819,1300,1400,1.0841,0.0022,0.0276,0.0276,1200,10/25/2019 12:00,1000,10/30/2019 10:00,4.916666667,0.005613559,0.001871186,0.001871186
143,AlgaeCont_A,Control,Algae,0,0,1,0,A,8,10/25/2019,1200,0.9286,10/30/2019,1000,NA,NA,NA,NA,1600,1600,NA,NA,0.9322,900,1500,18.2179,18.2017,0.0162,NA,1.0759,1300,1400,1.0661,-0.0098,0.026,0.026,1200,10/25/2019 12:00,1000,10/30/2019 10:00,4.916666667,0.005288136,0.001762712,0.001762712
144,AlgaeCont_P,Control,Algae,0,0,1,0,P,8,10/25/2019,1200,0.935,10/30/2019,1000,NA,NA,NA,NA,1600,1600,NA,NA,0.9427,900,1500,19.367,19.3582,0.0088,NA,1.1029,1300,1400,1.0864,-0.0165,0.0253,0.0253,1200,10/25/2019 12:00,1000,10/30/2019 10:00,4.916666667,0.005145763,0.001715254,0.001715254
145,Urch_Cont,Urchins,Urch_cont,0,0,0,1,Urch_cont,8,10/25/2019,1200,0.9407,10/30/2019,1000,6.95,8.28,6.17,21.4,1600,1600,NA,NA,0.9393,900,1500,19.985,19.9662,0.0188,NA,1.1191,1300,1400,1.0972,-0.0219,0.0407,0.0407,1200,10/25/2019 12:00,1000,10/30/2019 10:00,4.916666667,0.008277966,0.002759322,0.002759322
146,Dead_M,Urchins,Dead,0,1,0,1,M,9,11/5/2019,1400,0.9268,11/9/2019,1400,5.15,4.57,4.6,14.32,1600,1600,1.0557,0.1118,NA,900,1500,18.2694,18.1772,0.0922,0.0196,1.0651,1400,1400,1.0874,0.0223,0.0699,0.0699,1400,11/5/2019 14:00,1400,11/9/2019 14:00,4,0.017475,0.005825,0.005825
147,Dead_A,Urchins,Dead,0,1,0,1,A,9,11/5/2019,1400,0.9439,11/9/2019,1400,7.5,5.97,6.81,20.28,1600,1600,1.3155,0.3853,NA,900,1500,18.5837,18.2529,0.3308,0.0545,1.0534,1400,1400,1.1104,0.057,0.2738,0.2738,1400,11/5/2019 14:00,1400,11/9/2019 14:00,4,0.06845,0.022816667,0.022816667
148,Dead_P,Urchins,Dead,0,1,0,1,P,9,11/5/2019,1400,0.9302,11/9/2019,1400,6.26,4.06,7.61,17.93,1600,1600,1.9845,1.0502,NA,900,1500,19.2408,18.3085,0.9323,0.1179,1.0742,1400,1400,1.188,0.1138,0.8185,0.8185,1400,11/5/2019 14:00,1400,11/9/2019 14:00,4,0.204625,0.068208333,0.068208333
150,Live_A,Urchins,Live,1,0,0,1,A,9,11/5/2019,1400,0.9249,11/9/2019,1400,4.62,9.09,6.66,20.37,1600,1600,1.1107,0.1858,NA,900,1500,20.3344,20.1858,0.1486,0.0372,1.078,1400,1400,1.109,0.031,0.1176,0.1176,1400,11/5/2019 14:00,1400,11/9/2019 14:00,4,0.0294,0.0098,0.0098
151,Live_P,Urchins,Live,1,0,0,1,P,9,11/5/2019,1400,0.9434,11/9/2019,1400,7.75,5.53,5.13,18.41,1600,1600,1.0444,0.101,NA,900,1500,18.8778,18.8019,0.0759,0.0251,1.0663,1400,1400,1.1063,0.04,0.0359,0.0359,1400,11/5/2019 14:00,1400,11/9/2019 14:00,4,0.008975,0.002991667,0.002991667
152,Algae_M,Urchins,Algae,0,0,1,1,M,9,11/5/2019,1400,0.9168,11/9/2019,1400,4.45,7.25,6.05,17.75,1600,1600,1.2523,0.3355,NA,900,1500,38.3627,38.104,0.2587,0.0768,1.0758,1400,1400,1.1319,0.0561,0.2026,0.2026,1400,11/5/2019 14:00,1400,11/9/2019 14:00,4,0.05065,0.016883333,0.016883333
153,Algae_A,Urchins,Algae,0,0,1,1,A,9,11/5/2019,1400,0.933,11/9/2019,1400,6.72,6.58,5.11,18.41,1600,1600,1.5701,0.6371,NA,900,1500,33.6005,33.0409,0.5596,0.0775,1.0763,1400,1400,1.1487,0.0724,0.4872,0.4872,1400,11/5/2019 14:00,1400,11/9/2019 14:00,4,0.1218,0.0406,0.0406
154,Algae_P,Urchins,Algae,0,0,1,1,P,9,11/5/2019,1400,0.9202,11/9/2019,1400,4.25,6.98,3.63,14.86,1600,1600,2.8234,1.9032,NA,900,1500,33.5525,31.7828,1.7697,0.1335,1.0668,1400,1400,1.1881,0.1213,1.6484,1.6484,1400,11/5/2019 14:00,1400,11/9/2019 14:00,4,0.4121,0.137366667,0.137366667
155,DeadCont_M,Control,Dead,0,1,0,0,M,9,11/5/2019,1400,0.9417,11/9/2019,1400,NA,NA,NA,NA,1600,1600,0.9431,0.0014,NA,900,1500,17.1689,17.1668,0.0021,-0.0007,1.1016,1400,1400,1.0954,-0.0062,0.0083,0.0083,1400,11/5/2019 14:00,1400,11/9/2019 14:00,4,0.002075,0.000691667,0.000691667
156,DeadCont_A,Control,Dead,0,1,0,0,A,9,11/5/2019,1400,0.9586,11/9/2019,1400,NA,NA,NA,NA,1600,1600,1.4835,0.5249,NA,900,1500,18.3681,17.894,0.4741,0.0508,1.1025,1400,1400,1.1694,0.0669,0.4072,0.4072,1400,11/5/2019 14:00,1400,11/9/2019 14:00,4,0.1018,0.033933333,0.033933333
157,DeadCont_P,Control,Dead,0,1,0,0,P,9,11/5/2019,1400,0.9724,11/9/2019,1400,NA,NA,NA,NA,1600,1600,0.9737,0.0013,NA,900,1500,39.8966,39.8956,0.001,0.0003,1.1062,1400,1400,1.1089,0.0027,0,0,1400,11/5/2019 14:00,1400,11/9/2019 14:00,4,0,0,0.001
158,LiveCont_M,Control,Live,1,0,0,0,M,9,11/5/2019,1400,0.9067,11/9/2019,1400,NA,NA,NA,NA,1600,1600,0.9706,0.0639,NA,900,1500,16.6489,16.6124,0.0365,0.0274,1.0876,1400,1400,1.1123,0.0247,0.0118,0.0118,1400,11/5/2019 14:00,1400,11/9/2019 14:00,4,0.00295,0.000983333,0.000983333
159,LiveCont_A,Control,Live,1,0,0,0,A,9,11/5/2019,1400,0.9479,11/9/2019,1400,NA,NA,NA,NA,1600,1600,1.2179,0.27,NA,900,1500,20.2812,20.1234,0.1578,0.1122,1.0823,1400,1400,1.1798,0.0975,0.0603,0.0603,1400,11/5/2019 14:00,1400,11/9/2019 14:00,4,0.015075,0.005025,0.005025
160,LiveCont_P,Control,Live,1,0,0,0,P,9,11/5/2019,1400,0.9661,11/9/2019,1400,NA,NA,NA,NA,1600,1600,0.9801,0.014,NA,900,1500,17.204,17.2015,0.0025,0.0115,1.0736,1400,1400,1.0806,0.007,0,0,1400,11/5/2019 14:00,1400,11/9/2019 14:00,4,0,0,0.001
161,AlgaeCont_M,Control,Algae,0,0,1,0,M,9,11/5/2019,1400,0.9179,11/9/2019,1400,NA,NA,NA,NA,1600,1600,1.0783,0.1604,NA,900,1500,31.0905,30.9993,0.0912,0.0692,1.0895,1400,1400,1.1284,0.0389,0.0523,0.0523,1400,11/5/2019 14:00,1400,11/9/2019 14:00,4,0.013075,0.004358333,0.004358333
162,AlgaeCont_A,Control,Algae,0,0,1,0,A,9,11/5/2019,1400,0.9616,11/9/2019,1400,NA,NA,NA,NA,1600,1600,1.107,0.1454,NA,900,1500,18.2784,18.2038,0.0746,0.0708,1.091,1400,1400,1.1261,0.0351,0.0395,0.0395,1400,11/5/2019 14:00,1400,11/9/2019 14:00,4,0.009875,0.003291667,0.003291667
163,AlgaeCont_P,Control,Algae,0,0,1,0,P,9,11/5/2019,1400,0.9331,11/9/2019,1400,NA,NA,NA,NA,1600,1600,0.9646,0.0315,NA,900,1500,19.3622,19.3566,0.0056,0.0259,1.007,1400,1400,1.1007,0.0937,0,0,1400,11/5/2019 14:00,1400,11/9/2019 14:00,4,0,0,0.001
164,Urch_Cont,Urchins,Urch_cont,0,0,0,1,Urch_cont,9,11/5/2019,1400,0.9559,11/9/2019,1400,9.14,6.08,6.65,21.87,1600,1600,1.1649,0.209,NA,900,1500,20.1011,19.9682,0.1329,0.0761,1.0805,1400,1400,1.1345,0.054,0.0789,0.0789,1400,11/5/2019 14:00,1400,11/9/2019 14:00,4,0.019725,0.006575,0.006575
